-- phpMyAdmin SQL Dump
-- version 4.6.4
-- https://www.phpmyadmin.net/
--
-- Host: 127.0.0.1
-- Generation Time: 2017-10-16 00:56:54
-- 服务器版本： 5.7.14
-- PHP Version: 7.0.10

SET SQL_MODE = "NO_AUTO_VALUE_ON_ZERO";
SET time_zone = "+00:00";


/*!40101 SET @OLD_CHARACTER_SET_CLIENT=@@CHARACTER_SET_CLIENT */;
/*!40101 SET @OLD_CHARACTER_SET_RESULTS=@@CHARACTER_SET_RESULTS */;
/*!40101 SET @OLD_COLLATION_CONNECTION=@@COLLATION_CONNECTION */;
/*!40101 SET NAMES utf8mb4 */;

--
-- Database: `cms`
--

-- --------------------------------------------------------

--
-- 表的结构 `admin`
--

CREATE TABLE `admin` (
  `aid` int(10) NOT NULL,
  `aname` varchar(50) DEFAULT NULL,
  `apass` varchar(50) DEFAULT NULL,
  `anicheng` varchar(50) DEFAULT NULL,
  `aphoto` varchar(50) DEFAULT NULL
) ENGINE=MyISAM DEFAULT CHARSET=utf8;

--
-- 转存表中的数据 `admin`
--

INSERT INTO `admin` (`aid`, `aname`, `apass`, `anicheng`, `aphoto`) VALUES
(1, '张三', 'e10adc3949ba59abbe56e057f20f883e', '三三', 'abc/17-10-09/15075136354965500114113_banner.jpg'),
(6, '李四', 'e10adc3949ba59abbe56e057f20f883e', '四四', 'abc/17-10-13/150787564673441_10.gif');

-- --------------------------------------------------------

--
-- 表的结构 `banner`
--

CREATE TABLE `banner` (
  `bid` int(11) NOT NULL,
  `bpath` varchar(255) NOT NULL,
  `cid` int(11) NOT NULL
) ENGINE=MyISAM DEFAULT CHARSET=utf8;

--
-- 转存表中的数据 `banner`
--

INSERT INTO `banner` (`bid`, `bpath`, `cid`) VALUES
(5, 'abc/17-10-13/150788319343671-1.jpg', 21),
(6, 'abc/17-10-13/150788320476021-2.jpg', 21),
(7, 'abc/17-10-15/1508037497381001.jpg', 20),
(9, 'abc/17-10-15/1508037557190902.jpg', 20),
(10, 'abc/17-10-15/1508037576290603.jpg', 20),
(11, 'abc/17-10-15/1508037594570304.jpg', 20),
(12, 'abc/17-10-15/15080725104328sbanner.jpg', 18),
(13, 'abc/17-10-15/15080759188839b2.jpg', 17),
(14, 'abc/17-10-15/15080766634838banner.jpg', 16);

-- --------------------------------------------------------

--
-- 表的结构 `category`
--

CREATE TABLE `category` (
  `cid` int(10) NOT NULL,
  `cname` varchar(255) DEFAULT NULL,
  `pid` int(10) DEFAULT NULL,
  `state` varchar(10) NOT NULL,
  `cpath` varchar(255) NOT NULL
) ENGINE=MyISAM DEFAULT CHARSET=utf8;

--
-- 转存表中的数据 `category`
--

INSERT INTO `category` (`cid`, `cname`, `pid`, `state`, `cpath`) VALUES
(21, '首页', 0, '0', ''),
(20, '关于', 0, '1', ''),
(19, '案例', 0, '0', ''),
(18, '服务', 0, '0', ''),
(17, '加入', 0, '0', ''),
(16, '联系', 0, '0', ''),
(22, '公司简介', 20, '1', 'abc/17-10-15/1508059030143311.jpg'),
(25, '团队', 20, '0', 'abc/17-10-15/1508059047438422.jpg'),
(26, '奖项', 20, '0', 'abc/17-10-15/1508059057837633.jpg'),
(27, '公司动态', 20, '0', 'abc/17-10-15/1508059123305744.jpg'),
(28, '联系我们', 20, '0', 'abc/17-10-15/1508059143998355.jpg'),
(30, '招贤纳士', 20, '0', 'abc/17-10-15/1508059156748466.jpg'),
(31, '设计新闻', 20, '0', 'abc/17-10-15/1508059164963277.jpg'),
(32, '服务流程', 20, '0', 'abc/17-10-15/1508059173263088.jpg');

-- --------------------------------------------------------

--
-- 表的结构 `shows`
--

CREATE TABLE `shows` (
  `sid` int(10) NOT NULL,
  `stitle` varchar(255) DEFAULT NULL,
  `scon` varchar(500) DEFAULT NULL,
  `spath` varchar(255) NOT NULL,
  `cid` int(10) DEFAULT NULL,
  `pid` int(11) NOT NULL
) ENGINE=MyISAM DEFAULT CHARSET=utf8;

--
-- 转存表中的数据 `shows`
--

INSERT INTO `shows` (`sid`, `stitle`, `scon`, `spath`, `cid`, `pid`) VALUES
(7, '品牌VI设计', '策略、LOGO、VI系统、规范、传播、管理，每一个环节我们都精益求精，只为让品牌“颜值”更高。在过去的2015年里，我们把太享变成一个开放的、共享的设计师平台。越来越多来自不同领域的设计师加入到我们这个平台中，成为我们的粉丝、同事甚至合伙人。', 'abc/17-10-13/15078842188926yuan1.jpg', 21, 1),
(8, '新媒体设计', '响应式官网，H5主题页、社交网络、微商城、动态影像以及美轮美奂的动态二维码等等，让品牌在用户的屏幕上大放异彩。', 'abc/17-10-13/1507884646978yuan2.jpg', 21, 1),
(9, '壮大的团队', '艺格视觉面向年轻、有才华的设计师、创意人、技术开发，我们一起协同工作，共享知识、共享资源、共享财富。来自不同领域与背景的设计师伙伴是我们最重要的组成部分，也是艺格视觉的主人。', 'abc/17-10-13/15078847152324yuan3.jpg', 21, 1),
(10, '', '', 'abc/17-10-14/150799099594542-2.jpg', 21, 2),
(11, 'ABOUT US', '艺格视觉，专注于哦品牌规划，满足客户诉求，助力品牌孵化，加深品牌印象，创造品牌价值。我们坚持践行"至简、至善、至诚"的服务理念，以"创作精良"为宗旨，用先进的设计理念为用户提供全套的品牌解决方案。', '', 21, 3),
(12, 'CONNECTION', '地址:山西省太原市平阳路学府街台骅国际城2503号<br>电话:0351-7758521', 'abc/17-10-15/15080367541768code.png', 21, 4),
(19, '公司动态', '时尚流行元素在产品中的表现：构成一件产品形态的元素很多，包括比例、形　态、表面处理、色彩、功能等诸多要素，同时，不同的产品由于其功能及目标用户的差异，要迎合的时尚潮流的侧重点也不尽相同。', 'abc/17-10-15/1508056071528944.jpg', 27, 1),
(20, '联系我们', '', 'abc/17-10-15/1508056104240055.jpg', 28, 1),
(21, '招贤纳士', '', 'abc/17-10-15/1508056274489166.jpg', 30, 1),
(22, '设计新闻', '深圳市莫奈工业设计有限公司是一家拥有创意、敢创新的团队，我们在过往的深圳产品设计公司中的作品，使各类人群取得很好的成绩。深圳产品设计公司深受各类人群的满意，在广东深圳宝安区有很好得口碑。', 'abc/17-10-15/150805631949477.jpg', 31, 1),
(18, '奖项', '“创作，不管是以何种形式呈现，都应该以尽多地满足和改善人们的生活为出发点。”斯塔克强烈地相信并坚守着这份责任感。\r\n叛逆的和亲切的、实用主义的和具有颠覆性的，他乐于和每一个人分享。他将这些元素用充满幽默感的方式整合，这使他从一开始便显得与众不同。“没有人必须成为一个天才，但每个人都必须积极参与”。', 'abc/17-10-15/1508055937358844.jpg', 26, 1),
(27, '', '', 'abc/17-10-15/150807066616801_06.gif', 19, 1),
(28, '', '', 'abc/17-10-15/150807068012231_09.gif', 19, 1),
(29, '', '', 'abc/17-10-15/150807069472301_10.gif', 19, 1),
(16, '公司简介', '艺格视觉有限公司是中国领先的在线服务市场。自从2005年创立至今，猪八戒网一直进行的是非标准化的服务买卖, 而不是售卖标准化的商品。作为中国早期的专业技能分享经济平台，猪八戒网聚集了超过千万专业技能人才和机构。超过六百万家企业通过猪八戒网找专业人做专业事，购买标识设计、编程、知识产权、财税等全生命周期服务。', 'abc/17-10-15/1508055635748911.jpg', 22, 1),
(30, '', '', 'abc/17-10-15/150807070448791_11.gif', 19, 1),
(31, '', '', 'abc/17-10-15/150807071460111_12.gif', 19, 1),
(17, '团队', '从2017年开始进入第二个十年创业期，艺格视觉立志成为中国产业互联网推动者和产业升级的助推器。过去BAT所主导的互联网上半场, 更多面向C端消费者, 而猪八戒网深耕产业是在为B端企业和政府服务。猪八戒网通过线上线下聚合海量专业技术人才和机构之后，正在沉淀成为农业、旅游等行业解决方案和政府服务阳光采购解决方案，推动互联网时代企业可持续发展、产业和区域经济转型升级。', 'abc/17-10-15/1508055687172422.jpg', 25, 1),
(23, '服务流程', '发现：将分析转化为洞察\r\n通过市场调研、设计分析和战略评估，我们深入洞察客户的目标用户、竞争对手、品牌特性和关键市场机会。为之后的设计及交付奠定了基石。设计：将洞察转化为创意\r\n我们生成一系列的设计方法和概念，为客户面对的挑战提供更为全面彻底的解决方案。所有概念在经过不断的审查、试验、改进后最终成为设计的方向。', 'abc/17-10-15/1508056424280288.jpg', 32, 1),
(24, '', '', 'abc/17-10-15/150807062776761_03.gif', 19, 1),
(25, '', '', 'abc/17-10-15/150807064352611_04.gif', 19, 1),
(26, '', '', 'abc/17-10-15/150807065547621_05.gif', 19, 1),
(32, '', '', 'abc/17-10-15/150807072693541_14.gif', 19, 1),
(33, '', '', 'abc/17-10-15/150807074653501_15.gif', 19, 1),
(34, '', '', 'abc/17-10-15/150807076043691_16.gif', 19, 1),
(35, '', '', 'abc/17-10-15/150807077186861_17.gif', 19, 1),
(36, '', '', 'abc/17-10-15/150807078678411_19.gif', 19, 1),
(37, '', '', 'abc/17-10-15/150807079929641_20.gif', 19, 1),
(38, '', '', 'abc/17-10-15/150807082183341_21.gif', 19, 1),
(39, '', '', 'abc/17-10-15/150807083735281_22.gif', 19, 1),
(40, '', '', 'abc/17-10-15/150807085049231_24.gif', 19, 1),
(41, '', '', 'abc/17-10-15/150807086217881_25.gif', 19, 1),
(42, '', '', 'abc/17-10-15/150807087653811_26.gif', 19, 1),
(43, '', '', 'abc/17-10-15/150807088964211_27.gif', 19, 1),
(44, '', '', 'abc/17-10-15/150807090539591_29.gif', 19, 1),
(45, '', '', 'abc/17-10-15/150807097431391_30.gif', 19, 1),
(46, '', '', 'abc/17-10-15/150807098832711_31.gif', 19, 1),
(47, '', '', 'abc/17-10-15/15080710002721_32.gif', 19, 1),
(48, '', '', 'abc/17-10-15/150807101413851_34.gif', 19, 1),
(49, '', '', 'abc/17-10-15/150807102894371_35.gif', 19, 1),
(50, '', '', 'abc/17-10-15/150807103730161_36.gif', 19, 1),
(51, '', '', 'abc/17-10-15/15080710518741_37.gif', 19, 1),
(52, '', '', 'abc/17-10-15/150807106272801_39.gif', 19, 1),
(53, '', '', 'abc/17-10-15/150807112745641_40.gif', 19, 1),
(54, '', '', 'abc/17-10-15/150807114050191_41.gif', 19, 1),
(55, '', '', 'abc/17-10-15/150807115355551_42.gif', 19, 1),
(56, '', '', 'abc/17-10-15/150807116890831_44.gif', 19, 1),
(57, '', '', 'abc/17-10-15/150807118127651_45.gif', 19, 1),
(58, '', '', 'abc/17-10-15/150807119636421_46.gif', 19, 1),
(59, '', '', 'abc/17-10-15/150807120754131_47.png', 19, 1),
(60, '专注品牌规划，创造精良品质', '深圳市艺格视觉设计有限公司，是一家追求高品质服务性质的工业设计顾问公司，建立于2008年6月，一直以来为国内外知名品牌以及发展中企业提供、产品设计、结构设计、交互设计、平面设计、UI设计和品牌设计。目前主要服务范围：产品外观设计、深圳产品设计、深圳产品设计公司、产品外观设计公司、工业设计公司、数码电子、医疗器械、仪器设备、时尚消费、公共设施等产业领域、并与三星、联想、LG等世界五百强企业建立了稳定良好的合作关系。凭借独具一格的设计理念及创新实力，短短几年的时间,艺格视觉创造了一项又一项令国内同行羡慕的业绩，开创了中国设计界的传奇。', '', 18, 1);

--
-- Indexes for dumped tables
--

--
-- Indexes for table `admin`
--
ALTER TABLE `admin`
  ADD PRIMARY KEY (`aid`);

--
-- Indexes for table `banner`
--
ALTER TABLE `banner`
  ADD PRIMARY KEY (`bid`);

--
-- Indexes for table `category`
--
ALTER TABLE `category`
  ADD PRIMARY KEY (`cid`);

--
-- Indexes for table `shows`
--
ALTER TABLE `shows`
  ADD PRIMARY KEY (`sid`);

--
-- 在导出的表使用AUTO_INCREMENT
--

--
-- 使用表AUTO_INCREMENT `admin`
--
ALTER TABLE `admin`
  MODIFY `aid` int(10) NOT NULL AUTO_INCREMENT, AUTO_INCREMENT=7;
--
-- 使用表AUTO_INCREMENT `banner`
--
ALTER TABLE `banner`
  MODIFY `bid` int(11) NOT NULL AUTO_INCREMENT, AUTO_INCREMENT=15;
--
-- 使用表AUTO_INCREMENT `category`
--
ALTER TABLE `category`
  MODIFY `cid` int(10) NOT NULL AUTO_INCREMENT, AUTO_INCREMENT=34;
--
-- 使用表AUTO_INCREMENT `shows`
--
ALTER TABLE `shows`
  MODIFY `sid` int(10) NOT NULL AUTO_INCREMENT, AUTO_INCREMENT=64;
/*!40101 SET CHARACTER_SET_CLIENT=@OLD_CHARACTER_SET_CLIENT */;
/*!40101 SET CHARACTER_SET_RESULTS=@OLD_CHARACTER_SET_RESULTS */;
/*!40101 SET COLLATION_CONNECTION=@OLD_COLLATION_CONNECTION */;
